Rank,number,value,datetime_start,datetime_complete,duration,params_embedding_mode,params_learning_rate,params_n_nodes_layer_0,params_n_nodes_layer_1,params_n_nodes_layer_2,params_n_nodes_layer_3,params_num_hidden_layers,params_segmentation_dropout_rate,params_total_updates,params_updates_per_epoch,params_weight_decay_embedding,params_weight_decay_segmentation,state,mode
0,182,0.275599718,36:22.9,36:32.4,9,class-specific,0.045221008,64,64,,,2,0.208000865,900,40,0.000318792,0.00049323,COMPLETE,DCMSEAL
1,180,0.27657184,36:00.6,36:12.5,11,class-specific,0.04486947,64,64,,,2,0.210269869,900,40,0.000306987,0.000375108,COMPLETE,DCMSEAL
2,191,0.276846647,38:08.2,38:18.0,9,class-specific,0.04912502,64,64,,,2,0.216060503,900,40,0.000465137,0.000256154,COMPLETE,DCMSEAL
3,119,0.277200431,20:18.7,20:35.3,16,class-specific,0.018107311,64,64,,,2,0.148848604,1500,40,0.002698988,0.035883052,COMPLETE,DCMSEAL
4,141,0.277352303,26:29.8,26:42.2,12,class-specific,0.038384348,64,64,,,2,0.127980803,900,40,0.001952158,0.031277153,COMPLETE,DCMSEAL
5,154,0.277354479,29:20.0,29:46.9,26,class-specific,0.021344255,64,64,,,2,0.147561256,900,40,0.00222039,0.027420567,COMPLETE,DCMSEAL
6,194,0.27768594,38:44.7,38:54.5,9,class-specific,0.049220786,64,64,,,2,0.209680994,900,40,0.000189338,0.000277979,COMPLETE,DCMSEAL
7,135,0.277696282,25:08.4,25:18.0,9,class-specific,0.03023907,64,64,,,2,0.46452318,900,40,0.002364059,0.043403373,COMPLETE,DCMSEAL
8,125,0.277705312,21:51.7,22:05.0,13,class-specific,0.032315785,64,128,,,2,0.168422541,900,40,0.002266489,0.032216957,COMPLETE,DCMSEAL
9,23,0.277853996,51:57.7,52:08.5,10,class-specific,0.035566953,64,64,,,2,0.205081897,1200,40,0.004180152,0.000584994,COMPLETE,DCMSEAL
10,184,0.277927607,36:43.4,36:55.9,12,class-specific,0.049582253,64,64,,,2,0.211686616,900,40,0.000453616,0.000404864,COMPLETE,DCMSEAL
11,18,0.278017491,50:42.1,50:53.8,11,class-specific,0.025464777,64,64,,,2,0.39683654,1200,40,0.000542918,0.000278487,COMPLETE,DCMSEAL
12,188,0.278039366,37:37.0,37:49.2,12,class-specific,0.044702222,64,64,,,2,0.234363827,900,40,0.00045926,0.000446603,COMPLETE,DCMSEAL
13,94,0.278073639,13:25.3,13:47.7,22,class-specific,0.023054835,64,64,,,2,0.126471559,1200,40,0.008819064,0.013815748,COMPLETE,DCMSEAL
14,181,0.278326243,36:12.5,36:22.8,10,class-specific,0.044492264,64,64,,,2,0.220926442,900,40,0.000453137,0.000367661,COMPLETE,DCMSEAL
15,63,0.278566957,05:00.5,05:13.8,13,class-specific,0.026618885,64,64,128,,3,0.116621107,900,20,6.21E-05,0.000582686,COMPLETE,DCMSEAL
16,95,0.278582901,13:47.7,14:06.5,18,class-specific,0.021533405,128,64,,,2,0.131440513,1200,40,0.001916462,0.013407559,COMPLETE,DCMSEAL
17,146,0.278656065,27:30.1,27:40.8,10,class-specific,0.034634818,128,64,,,2,0.115155567,1200,40,0.001976332,0.042080418,COMPLETE,DCMSEAL
18,61,0.278729558,04:33.7,04:45.1,11,class-specific,0.032127499,64,64,128,,3,0.059725833,900,20,0.000125023,0.000234561,COMPLETE,DCMSEAL
19,88,0.278751791,12:18.3,12:29.0,10,class-specific,0.037130402,64,64,,,2,0.14567352,1200,40,0.002329894,0.025540267,COMPLETE,DCMSEAL
20,174,0.278814793,34:40.9,34:53.4,12,class-specific,0.032279003,64,64,,,2,0.180826503,900,40,0.000222411,0.002143796,COMPLETE,DCMSEAL
21,32,0.278984874,54:13.7,54:24.4,10,class-specific,0.034440591,64,64,,,2,0.267788989,1200,40,0.004175935,0.001001849,COMPLETE,DCMSEAL
22,107,0.278998286,16:51.2,17:06.6,15,class-specific,0.020328786,64,64,,,2,0.078449282,900,40,0.001822922,0.068847873,COMPLETE,DCMSEAL
23,104,0.278999329,16:14.8,16:24.4,9,class-specific,0.033114514,64,64,,,2,0.104326456,1200,40,0.001653861,0.057706185,COMPLETE,DCMSEAL
24,105,0.279008389,16:24.4,16:35.1,10,class-specific,0.034173777,64,64,,,2,0.099961701,900,40,0.001425594,0.065019081,COMPLETE,DCMSEAL
25,165,0.279084682,32:43.4,32:55.0,11,class-specific,0.030991626,64,64,,,2,0.138534307,900,40,0.002855097,0.006021366,COMPLETE,DCMSEAL
26,102,0.279199451,15:49.3,16:01.3,12,class-specific,0.039238373,64,64,,,2,0.066782804,900,40,0.001530552,0.055522636,COMPLETE,DCMSEAL
27,91,0.27935946,12:55.7,13:06.6,10,class-specific,0.04182475,64,64,,,2,0.097646275,1200,40,0.004830163,0.06047238,COMPLETE,DCMSEAL
28,139,0.279382169,26:03.4,26:16.1,12,class-specific,0.025165148,64,128,,,2,0.188146655,1500,40,0.000130617,0.000283437,COMPLETE,DCMSEAL
29,177,0.279459596,35:15.9,35:29.0,13,class-specific,0.024633753,64,64,,,2,0.162545681,900,40,0.000141621,0.002736429,COMPLETE,DCMSEAL
30,42,0.27947256,56:21.1,56:36.2,15,class-specific,0.015655207,64,64,,,2,0.212859109,1200,40,0.004048976,0.000359688,COMPLETE,DCMSEAL
31,49,0.279513896,00:40.5,00:53.0,12,class-specific,0.040047818,64,64,128,,3,0.036753148,900,20,3.60E-05,0.000140191,COMPLETE,DCMSEAL
32,81,0.279666007,10:24.6,10:37.2,12,class-specific,0.047444528,64,64,,,2,0.046360839,1200,10,0.008466998,0.001564595,COMPLETE,DCMSEAL
33,97,0.279686153,14:35.5,14:49.0,13,class-specific,0.021945863,128,64,,,2,0.112736356,1200,40,0.001272527,0.012759447,COMPLETE,DCMSEAL
34,103,0.279692203,16:01.3,16:14.8,13,class-specific,0.024285653,64,64,,,2,0.069747975,1200,40,0.003474113,0.053084172,COMPLETE,DCMSEAL
35,115,0.279720634,18:46.2,18:57.6,11,class-specific,0.037930137,64,64,,,2,0.406727124,900,40,0.000253918,0.025162477,COMPLETE,DCMSEAL
36,183,0.279808193,36:32.5,36:43.4,10,class-specific,0.043807886,64,64,,,2,0.214762552,900,40,0.000290827,0.000515953,COMPLETE,DCMSEAL
37,82,0.279855311,10:37.3,10:53.9,16,class-specific,0.042924262,64,64,,,2,0.086324531,1200,10,0.004439307,0.050007292,COMPLETE,DCMSEAL
38,71,0.27985853,07:00.4,07:22.2,21,class-specific,0.026725286,64,64,,,2,0.030425766,1200,10,3.38E-05,0.001480796,COMPLETE,DCMSEAL
39,161,0.279859543,32:04.3,32:13.8,9,class-specific,0.029544372,64,64,,,2,0.118695846,900,40,0.001562147,0.053592998,COMPLETE,DCMSEAL
40,134,0.280139774,24:58.1,25:08.4,10,class-specific,0.027151484,64,64,,,2,0.098484271,900,40,0.003871314,0.083033147,COMPLETE,DCMSEAL
41,127,0.280261457,22:17.6,22:29.7,12,class-specific,0.019084828,64,128,,,2,0.178184643,900,40,0.002120112,0.022886952,COMPLETE,DCMSEAL
42,12,0.280342579,49:01.9,49:16.7,14,class-specific,0.047666933,64,64,,,2,0.036546328,1200,10,0.009776598,0.001325166,COMPLETE,DCMSEAL
43,112,0.28039676,18:05.7,18:18.9,13,class-specific,0.032951863,64,64,,,2,0.076414019,900,40,0.001676543,0.057063283,COMPLETE,DCMSEAL
44,52,0.280427814,01:19.3,01:33.2,13,class-specific,0.029584907,64,64,128,,3,0.056618561,900,20,0.000100575,0.000215508,COMPLETE,DCMSEAL
45,171,0.28045848,34:05.5,34:18.0,12,class-specific,0.031214331,64,64,,,2,0.145568951,900,40,0.003401986,0.004568791,COMPLETE,DCMSEAL
46,185,0.280526847,36:56.0,37:05.0,9,class-specific,0.049627609,64,64,,,2,0.210228221,900,40,0.000397424,0.000407629,COMPLETE,DCMSEAL
47,151,0.280529588,28:42.0,28:54.2,12,class-specific,0.034463521,128,64,,,2,0.102629515,900,40,0.001847406,0.049388363,COMPLETE,DCMSEAL
48,48,0.280552626,00:19.3,00:40.4,21,class-specific,0.025650364,64,128,,,2,0.244817729,1200,10,0.002166939,0.000390053,COMPLETE,DCMSEAL
49,123,0.280709326,21:25.8,21:37.7,11,class-specific,0.022533556,64,64,,,2,0.110364289,1500,40,0.002023083,0.055149616,COMPLETE,DCMSEAL
50,9,0.280769467,48:14.0,48:29.5,15,class-specific,0.008894484,64,64,,,2,0.227297683,1200,40,0.004297022,0.00030272,COMPLETE,DCMSEAL
51,118,0.280848682,20:08.3,20:18.6,10,class-specific,0.031358804,64,64,,,2,0.362110458,900,40,0.000457961,0.076193958,COMPLETE,DCMSEAL
52,179,0.28085494,35:46.0,36:00.6,14,class-specific,0.019796561,64,128,64,,3,0.17447469,1500,40,9.23E-05,0.000897452,COMPLETE,DCMSEAL
53,30,0.280861348,53:41.5,53:58.1,16,class-specific,0.01753134,128,64,64,,3,0.300170833,600,10,0.00261799,0.000480689,COMPLETE,DCMSEAL
54,114,0.280887604,18:35.8,18:46.2,10,class-specific,0.02796231,64,64,,,2,0.132087186,900,40,0.000739131,0.019641701,COMPLETE,DCMSEAL
55,173,0.280904055,34:30.6,34:40.9,10,class-specific,0.043039945,64,64,,,2,0.116289238,900,40,0.00192626,0.005605264,COMPLETE,DCMSEAL
56,26,0.28091684,52:31.3,52:44.1,12,class-specific,0.017749814,64,64,,,2,0.196297558,1200,40,0.000128571,0.00293255,COMPLETE,DCMSEAL
57,159,0.28097862,31:33.1,31:47.5,14,class-specific,0.020850477,64,64,256,,3,0.158161558,1200,20,0.002098424,0.01673118,COMPLETE,DCMSEAL
58,85,0.28098923,11:34.8,11:55.2,20,class-specific,0.042153723,64,64,,,2,0.084633925,1200,10,0.001660607,0.000352427,COMPLETE,DCMSEAL
59,22,0.281039268,51:44.0,51:57.7,13,class-specific,0.014278802,64,64,,,2,0.091985389,1200,40,0.009767406,0.000278318,COMPLETE,DCMSEAL
60,19,0.281042844,50:53.8,51:14.9,21,class-specific,0.025484116,256,64,64,,3,0.423785086,900,10,0.000617908,0.001745877,COMPLETE,DCMSEAL
61,116,0.28108415,18:57.6,19:10.7,13,class-specific,0.02065895,64,64,,,2,0.082271646,300,40,0.000999511,0.064955969,COMPLETE,DCMSEAL
62,92,0.281091928,13:06.6,13:15.7,9,class-specific,0.029172374,64,64,,,2,0.155739336,1200,40,0.006489325,0.088852181,COMPLETE,DCMSEAL
63,156,0.281123698,29:58.1,30:28.5,30,class-specific,0.022040305,256,64,,,2,0.146841992,900,40,0.002772289,0.031986042,COMPLETE,DCMSEAL
64,34,0.28115961,54:33.2,54:48.8,15,class-specific,0.021485616,64,64,,,2,0.454337864,900,40,0.001349445,0.001809621,COMPLETE,DCMSEAL
65,76,0.281160861,08:19.9,08:31.1,11,shared,0.040278099,64,64,128,,3,0.001724695,900,40,0.000113788,0.001505399,COMPLETE,DCMSEAL
66,17,0.281178445,50:25.7,50:42.1,16,class-specific,0.01089716,64,256,64,,3,0.219491285,1200,40,0.004648485,0.073916135,COMPLETE,DCMSEAL
67,98,0.281460434,14:49.1,15:04.2,15,class-specific,0.013216275,128,64,,,2,0.166866818,1200,40,0.003566424,0.023246186,COMPLETE,DCMSEAL
68,131,0.281481236,24:25.2,24:35.4,10,class-specific,0.041226739,64,64,,,2,0.173016123,900,40,0.001554074,0.032970405,COMPLETE,DCMSEAL
69,84,0.28153941,11:14.2,11:34.8,20,class-specific,0.036099327,64,64,,,2,0.176544256,1200,10,0.004086374,0.009132294,COMPLETE,DCMSEAL
70,162,0.281588674,32:13.8,32:23.0,9,class-specific,0.035994461,64,64,,,2,0.10406784,900,40,0.001825569,0.001128597,COMPLETE,DCMSEAL
71,152,0.281591773,28:54.2,29:11.1,16,class-specific,0.032531481,64,64,,,2,0.086692277,1200,40,0.00148064,0.064866094,COMPLETE,DCMSEAL
72,74,0.281671882,07:50.3,08:03.2,12,class-specific,0.032044778,64,64,,,2,0.056332673,1200,20,5.17E-05,0.000883303,COMPLETE,DCMSEAL
73,70,0.281769812,06:44.8,07:00.4,15,class-specific,0.015900375,64,64,128,,3,0.214520699,1500,40,4.38E-05,0.000271882,COMPLETE,DCMSEAL
74,189,0.281829506,37:49.3,38:00.9,11,class-specific,0.045257019,256,64,,,2,0.233286244,900,40,0.000464741,0.000327591,COMPLETE,DCMSEAL
75,148,0.282010019,27:57.1,28:08.4,11,class-specific,0.03819945,128,64,,,2,0.138421868,1200,40,0.004529705,0.028579542,COMPLETE,DCMSEAL
76,90,0.282040477,12:45.6,12:55.7,10,class-specific,0.036960041,64,64,128,,3,0.193012988,900,40,0.00315044,0.003208034,COMPLETE,DCMSEAL
77,72,0.282144427,07:22.2,07:37.2,14,class-specific,0.026823902,64,64,,,2,0.041980984,900,40,3.58E-05,0.07460484,COMPLETE,DCMSEAL
78,190,0.282299519,38:00.9,38:08.2,7,class-specific,0.040715445,64,64,,,2,0.246103866,900,40,0.000638899,0.000383602,COMPLETE,DCMSEAL
79,137,0.282373697,25:29.9,25:46.6,16,class-specific,0.030290008,64,64,,,2,0.15775096,1200,40,0.003198005,0.013635074,COMPLETE,DCMSEAL
80,99,0.282416314,15:04.3,15:20.8,16,class-specific,0.016630133,128,128,,,2,0.1253426,1200,40,0.000886066,0.007685309,COMPLETE,DCMSEAL
81,47,0.282451123,59:48.4,00:19.3,30,class-specific,0.018837714,64,64,,,2,0.134811816,300,40,0.000213686,0.001951776,COMPLETE,DCMSEAL
82,45,0.282531738,57:06.2,59:12.3,126,class-specific,0.036026769,64,64,,,2,0.200439922,1500,1,0.000570019,0.000313835,COMPLETE,DCMSEAL
83,126,0.282554805,22:05.0,22:17.6,12,shared,0.028316926,64,128,,,2,0.166746284,1200,40,0.003202347,0.026531031,COMPLETE,DCMSEAL
84,33,0.282569349,54:24.4,54:33.2,8,class-specific,0.036142192,64,64,,,2,0.268505292,1500,40,0.006414335,0.000983626,COMPLETE,DCMSEAL
85,53,0.282621205,01:33.2,01:44.5,11,class-specific,0.040877862,64,64,,,2,0.028313946,900,20,0.000269752,0.000150048,COMPLETE,DCMSEAL
86,157,0.282741755,30:28.5,30:53.7,25,class-specific,0.025908421,128,64,,,2,0.171403294,1200,40,0.000323748,0.04285068,COMPLETE,DCMSEAL
87,197,0.282758266,39:16.1,41:16.5,120,class-specific,0.038955695,64,64,,,2,0.256844321,900,1,0.000198013,0.000293747,COMPLETE,DCMSEAL
88,96,0.282777786,14:06.5,14:35.5,28,class-specific,0.019348044,128,64,,,2,0.128058664,1200,40,0.001988962,0.014881229,COMPLETE,DCMSEAL
89,54,0.282793432,01:44.5,01:56.5,12,class-specific,0.020451774,64,64,,,2,0.070280157,600,40,0.00789354,0.000358856,COMPLETE,DCMSEAL
90,167,0.282883197,33:11.9,33:24.9,12,class-specific,0.027479327,64,64,,,2,0.096166883,600,40,0.001677191,0.036637672,COMPLETE,DCMSEAL
91,142,0.282946438,26:42.3,26:51.5,9,class-specific,0.044229491,64,64,,,2,0.447937256,900,40,0.001797261,0.031072716,COMPLETE,DCMSEAL
92,160,0.282969087,31:47.5,32:04.3,16,class-specific,0.01490999,64,64,,,2,0.49074259,1500,40,0.002516551,0.008057113,COMPLETE,DCMSEAL
93,155,0.283063203,29:46.9,29:58.1,11,class-specific,0.018680594,64,64,,,2,0.257911692,1200,40,0.002234525,0.026856093,COMPLETE,DCMSEAL
94,130,0.283137262,23:02.5,24:25.2,82,class-specific,0.032389188,128,128,,,2,0.121991373,300,1,0.001732397,0.02219719,COMPLETE,DCMSEAL
95,86,0.283348948,11:55.3,12:06.3,11,class-specific,0.032610692,64,256,,,2,0.045638094,1500,40,0.007706245,0.018869011,COMPLETE,DCMSEAL
96,31,0.283453315,53:58.1,54:13.7,15,class-specific,0.009484329,64,64,,,2,0.182575505,1200,40,0.005244583,0.000186553,COMPLETE,DCMSEAL
97,75,0.283491224,08:03.2,08:19.8,16,class-specific,0.012850174,64,64,,,2,0.020031361,1200,40,8.66E-05,0.000673777,COMPLETE,DCMSEAL
98,108,0.283551723,17:06.6,17:17.7,11,class-specific,0.020073275,64,64,,,2,0.160081754,900,40,0.001890188,0.036074849,COMPLETE,DCMSEAL
99,59,0.283559412,04:00.3,04:17.0,16,class-specific,0.022244127,64,64,,,2,0.383283464,1200,10,0.001071837,0.000902047,COMPLETE,DCMSEAL
100,10,0.283615649,48:29.5,48:45.6,16,class-specific,0.007889501,64,64,,,2,0.043842857,1200,40,0.000380131,0.000110222,COMPLETE,DCMSEAL
101,106,0.283813685,16:35.1,16:51.2,16,class-specific,0.034634163,256,64,,,2,0.103005462,900,40,0.001439613,0.094175027,COMPLETE,DCMSEAL
102,143,0.284108073,26:51.5,27:01.7,10,class-specific,0.031716911,64,64,,,2,0.552349957,900,40,0.002265906,0.020107778,COMPLETE,DCMSEAL
103,66,0.28425324,05:43.4,05:58.7,15,class-specific,0.018603239,64,64,128,,3,0.112519407,900,20,7.47E-05,0.000150918,COMPLETE,DCMSEAL
104,24,0.284286916,52:08.6,52:23.5,14,class-specific,0.049667575,64,64,64,,3,0.11244689,1200,10,0.000808656,0.000553154,COMPLETE,DCMSEAL
105,136,0.284885854,25:18.0,25:29.9,11,class-specific,0.020440303,64,64,,,2,0.290015028,1200,20,0.002362646,0.039997436,COMPLETE,DCMSEAL
106,140,0.284986824,26:16.1,26:29.7,13,class-specific,0.022616079,64,64,,,2,0.478489081,1200,20,0.005521899,0.000785797,COMPLETE,DCMSEAL
107,65,0.285026282,05:29.1,05:43.3,14,class-specific,0.025976706,64,64,128,,3,0.062778754,900,20,6.55E-05,0.000250855,COMPLETE,DCMSEAL
108,60,0.285560519,04:17.0,04:33.7,16,class-specific,0.007849128,128,64,256,,3,0.345994399,600,40,0.000542794,0.000101611,COMPLETE,DCMSEAL
109,13,0.286427021,49:16.7,49:28.9,12,class-specific,0.044802282,64,64,64,,3,0.158732849,1200,10,0.006605476,0.001491517,COMPLETE,DCMSEAL
110,120,0.286438972,20:35.3,20:52.0,16,class-specific,0.005366885,64,64,,,2,0.18987518,1500,40,0.002625473,0.035747139,COMPLETE,DCMSEAL
111,153,0.286532551,29:11.1,29:20.0,8,class-specific,0.039749529,64,64,,,2,0.111365839,1200,40,0.001342892,0.037632893,COMPLETE,DCMSEAL
112,36,0.287015826,54:59.2,55:10.2,10,shared,0.024625717,256,64,,,2,0.36281868,300,20,0.002049714,0.017239476,COMPLETE,DCMSEAL
113,15,0.287591726,49:43.4,49:55.7,12,class-specific,0.018789415,64,64,,,2,0.135599488,600,10,0.001184558,0.000632305,COMPLETE,DCMSEAL
114,117,0.287822068,19:10.8,20:08.3,57,class-specific,0.026121196,64,64,,,2,0.056910591,900,1,0.002013046,0.087443518,COMPLETE,DCMSEAL
115,64,0.288118124,05:13.8,05:29.1,15,class-specific,0.011110873,64,64,128,,3,0.087846168,900,20,4.89E-05,0.000548186,COMPLETE,DCMSEAL
116,25,0.288705736,52:23.5,52:31.3,7,class-specific,0.029650142,64,256,,,2,0.290856437,300,40,0.001773736,0.00125893,COMPLETE,DCMSEAL
117,169,0.290484637,33:40.9,33:50.2,9,class-specific,0.023335473,128,64,,,2,0.14679377,1200,40,0.001315451,0.048344387,COMPLETE,DCMSEAL
118,73,0.291001767,07:37.2,07:50.3,13,class-specific,0.021114499,64,64,128,64,4,0.077723511,1200,10,1.56E-05,0.000511975,COMPLETE,DCMSEAL
119,170,0.291209579,33:50.2,34:05.5,15,shared,0.017595439,64,64,,,2,0.33769753,900,20,0.002479472,0.060362015,COMPLETE,DCMSEAL
120,46,0.29181236,59:12.4,59:48.4,36,shared,0.011569846,128,64,64,128,4,0.149346611,1200,40,0.007570601,0.000989138,COMPLETE,DCMSEAL
121,100,0.292809337,15:20.9,15:32.4,11,shared,0.023835217,128,256,,,2,0.527197025,1200,40,0.0007239,0.01065632,COMPLETE,DCMSEAL
122,78,0.29379347,08:48.7,09:50.7,62,class-specific,0.026594444,64,64,,,2,0.283873923,1200,1,0.000376411,0.00107993,COMPLETE,DCMSEAL
123,58,0.295419931,02:58.7,04:00.3,61,class-specific,0.015605487,64,64,,,2,0.205188861,900,1,2.35E-05,0.001278122,COMPLETE,DCMSEAL
124,2,0.29719761,40:28.9,42:21.5,112,class-specific,0.023434681,64,128,128,256,4,0.484970674,900,1,0.00172246,0.036552871,COMPLETE,DCMSEAL
125,122,0.297256589,21:08.9,21:25.8,16,class-specific,0.017606292,64,64,,,2,0.150961328,1500,40,0.002896939,0.039589055,COMPLETE,DCMSEAL
126,11,0.298378527,48:45.7,49:01.9,16,class-specific,0.005776437,64,64,,,2,0.050211425,1200,40,0.00031158,0.000131616,COMPLETE,DCMSEAL
127,16,0.303170085,49:55.7,50:25.6,29,class-specific,0.003714981,64,64,,,2,0.001808037,1200,10,0.003632937,0.001005333,COMPLETE,DCMSEAL
128,166,0.303955108,32:55.0,33:11.9,16,class-specific,0.003100345,64,128,,,2,0.076164732,300,40,0.00675825,0.070237818,COMPLETE,DCMSEAL
129,39,0.309944361,55:35.0,55:52.5,17,class-specific,0.004505694,64,128,256,,3,0.41339382,1200,20,0.000962052,0.001231278,COMPLETE,DCMSEAL
130,29,0.316857964,53:26.3,53:41.4,15,class-specific,0.006617377,256,256,,,2,0.374196489,900,20,0.002470159,0.003760619,COMPLETE,DCMSEAL
131,144,0.317634463,27:01.7,27:13.9,12,class-specific,0.036459938,64,64,256,128,4,0.130388121,900,40,0.002520297,0.099422437,COMPLETE,DCMSEAL
132,79,0.320058018,09:50.8,10:07.8,17,class-specific,0.017480608,64,64,,,2,0.118775229,600,10,0.002953509,0.000123333,COMPLETE,DCMSEAL
133,28,0.326055139,53:09.9,53:26.3,16,class-specific,0.002508005,128,64,,,2,0.009704588,1200,40,1.02E-05,0.000651629,COMPLETE,DCMSEAL
134,158,0.342007786,30:53.7,31:33.1,39,class-specific,0.012072514,64,64,,,2,0.130817742,900,40,6.50E-05,0.025120142,COMPLETE,DCMSEAL
135,113,0.35680449,18:18.9,18:35.7,16,class-specific,0.001419515,64,64,,,2,0.065363504,900,40,0.001256439,0.044350636,COMPLETE,DCMSEAL
136,37,0.362370729,55:10.2,55:26.6,16,class-specific,0.000727687,64,128,,,2,0.508420038,1500,40,5.85E-05,0.000456147,COMPLETE,DCMSEAL
137,176,0.367613047,35:04.0,35:15.9,11,class-specific,0.033860322,64,64,,,2,0.183107871,1200,40,0.00010751,0.000311348,COMPLETE,DCMSEAL
138,192,0.368042648,38:18.0,38:32.8,14,class-specific,0.042014054,64,64,,,2,0.219685839,900,40,0.000471029,0.000223093,COMPLETE,DCMSEAL
139,129,0.368106961,22:46.6,23:02.5,15,class-specific,0.023762498,64,128,,,2,0.149216469,600,40,0.002694476,0.004896871,COMPLETE,DCMSEAL
140,101,0.368119806,15:32.4,15:49.2,16,class-specific,0.028513206,64,64,,,2,0.139373667,1200,40,0.002637706,0.005283203,COMPLETE,DCMSEAL
141,8,0.368128955,47:57.6,48:13.9,16,shared,0.001422875,128,64,128,,3,0.306098203,1200,40,1.57E-05,0.000320057,COMPLETE,DCMSEAL
142,187,0.368129283,37:20.3,37:37.0,16,class-specific,0.038863259,128,256,,,2,0.200566426,900,40,0.00053422,0.000593025,COMPLETE,DCMSEAL
143,21,0.368136168,51:31.3,51:44.0,12,class-specific,0.029757514,64,64,,,2,0.241527192,1200,40,0.001536643,0.000279916,COMPLETE,DCMSEAL
144,41,0.368138045,56:05.0,56:21.1,16,class-specific,0.023807097,64,64,,,2,0.228761558,1200,40,0.005019797,0.000217509,COMPLETE,DCMSEAL
145,150,0.368148386,28:26.0,28:41.9,15,class-specific,0.029438857,128,256,64,,3,0.123515594,1200,40,0.003295435,0.000240753,COMPLETE,DCMSEAL
146,195,0.368155152,38:54.6,39:04.9,10,class-specific,0.048549723,64,64,,,2,0.209779947,900,40,0.000618255,0.000343546,COMPLETE,DCMSEAL
147,147,0.368165106,27:40.8,27:57.1,16,shared,0.025347472,128,64,,,2,0.116094808,1200,40,0.0020059,0.042364413,COMPLETE,DCMSEAL
148,145,0.368189305,27:14.0,27:30.1,16,class-specific,0.027793105,64,64,,,2,0.223795782,900,40,0.008774084,0.035759025,COMPLETE,DCMSEAL
149,172,0.368191332,34:18.0,34:30.6,12,class-specific,0.028402305,64,64,,,2,0.132207397,900,40,0.002870018,0.009290653,COMPLETE,DCMSEAL
150,163,0.368198395,32:23.0,32:35.8,12,class-specific,0.023931636,64,64,,,2,0.086275063,900,40,0.000879604,0.032411022,COMPLETE,DCMSEAL
151,186,0.368212998,37:05.1,37:20.3,15,class-specific,0.045928603,64,64,,,2,0.230979969,900,20,0.000343592,0.000382141,COMPLETE,DCMSEAL
152,198,0.368227273,41:16.5,41:30.4,13,class-specific,0.049967047,64,64,,,2,0.223848027,900,40,0.000481198,0.000503465,COMPLETE,DCMSEAL
153,199,0.368233979,41:30.4,41:40.4,10,class-specific,0.042343438,64,64,,,2,0.195118703,900,40,0.000433529,0.000438095,COMPLETE,DCMSEAL
154,196,0.368236512,39:04.9,39:16.0,11,class-specific,0.049849592,64,64,,,2,0.242465856,900,40,0.000269815,0.000251703,COMPLETE,DCMSEAL
155,193,0.368238002,38:32.8,38:44.6,11,class-specific,0.046201289,64,64,,,2,0.192685129,900,40,0.000364405,0.000450936,COMPLETE,DCMSEAL
156,138,0.368245751,25:46.6,26:03.4,16,class-specific,0.016343257,64,64,,,2,0.507710861,900,40,0.002826628,0.000602289,COMPLETE,DCMSEAL
157,40,0.368258595,55:52.5,56:05.0,12,shared,0.037144273,256,256,,,2,0.46343426,1200,40,0.003897225,0.004097965,COMPLETE,DCMSEAL
158,44,0.368270516,56:52.7,57:06.2,13,class-specific,0.04943242,64,64,,,2,0.331369936,1200,40,0.003259401,0.000739045,COMPLETE,DCMSEAL
159,133,0.368307263,24:47.0,24:58.1,11,class-specific,0.034965809,64,64,,,2,0.434305466,900,40,0.000173745,0.047125157,COMPLETE,DCMSEAL
160,93,0.368307739,13:15.8,13:25.2,9,class-specific,0.034405216,64,64,,,2,0.095557809,1200,40,0.005421501,0.029566753,COMPLETE,DCMSEAL
161,124,0.368317664,21:37.7,21:51.7,13,class-specific,0.037032844,64,64,,,2,0.136640308,1500,40,0.001416106,0.016330493,COMPLETE,DCMSEAL
162,175,0.368319988,34:53.4,35:04.0,10,class-specific,0.037764627,64,64,,,2,0.200524701,900,40,0.000236646,0.002151676,COMPLETE,DCMSEAL
163,168,0.368334681,33:24.9,33:40.9,15,class-specific,0.034554553,64,64,,,2,0.127684938,900,40,0.002162749,0.000192056,COMPLETE,DCMSEAL
164,109,0.368337035,17:17.8,17:34.6,16,class-specific,0.029790512,128,64,,,2,0.120992962,900,40,0.001125099,0.066663939,COMPLETE,DCMSEAL
165,132,0.368379265,24:35.4,24:46.9,11,class-specific,0.044462832,64,256,,,2,0.142555183,900,40,0.001201186,0.063425665,COMPLETE,DCMSEAL
166,43,0.368395835,56:36.2,56:52.7,16,class-specific,0.015055627,64,64,,,2,0.592804623,1200,40,0.00649592,0.000420278,COMPLETE,DCMSEAL
167,121,0.368525505,20:52.0,21:08.8,16,class-specific,0.014463129,64,64,,,2,0.094038526,1500,40,0.001774369,0.047540887,COMPLETE,DCMSEAL
168,83,0.368587762,10:53.9,11:14.1,20,class-specific,0.04845446,64,64,,,2,0.147537893,1200,10,0.005906656,0.044606314,COMPLETE,DCMSEAL
169,87,0.368595183,12:06.3,12:18.2,11,shared,0.049428954,256,64,,,2,0.229974043,900,20,0.004306632,0.04041967,COMPLETE,DCMSEAL
170,56,0.368607879,02:27.7,02:41.0,13,class-specific,0.029889388,256,256,,,2,0.166783855,1200,40,0.003644701,0.000247937,COMPLETE,DCMSEAL
171,27,0.36865142,52:44.2,53:09.8,25,class-specific,0.031191181,64,64,256,,3,0.074979642,1200,10,0.000412487,0.000186603,COMPLETE,DCMSEAL
172,149,0.368690193,28:08.4,28:26.0,17,class-specific,0.049542072,128,64,,,2,0.157682171,1200,20,0.003740859,0.011164719,COMPLETE,DCMSEAL
173,110,0.368723243,17:34.7,17:48.8,14,class-specific,0.024369834,64,64,256,256,4,0.316059474,600,40,0.00236535,0.07484312,COMPLETE,DCMSEAL
174,80,0.36874333,10:07.8,10:24.5,16,class-specific,0.009717312,64,128,128,,3,0.254973518,300,40,2.47E-05,0.002238126,COMPLETE,DCMSEAL
175,62,0.368777037,04:45.1,05:00.5,15,class-specific,0.031621668,64,64,128,,3,0.016069339,900,20,0.000165721,0.000332821,COMPLETE,DCMSEAL
176,67,0.368778706,05:58.7,06:14.0,15,class-specific,0.033093548,64,64,128,,3,0.312772014,900,20,4.08E-05,0.000674415,COMPLETE,DCMSEAL
177,51,0.369134247,01:08.2,01:19.3,11,class-specific,0.040367904,64,64,128,64,4,0.035647501,900,20,3.15E-05,0.000110164,COMPLETE,DCMSEAL
178,77,0.369771957,08:31.2,08:48.7,17,class-specific,0.022781268,128,64,,,2,0.104252601,1200,20,3.17E-05,0.000166835,COMPLETE,DCMSEAL
179,89,0.369773239,12:29.0,12:45.6,16,class-specific,0.001951517,64,64,,,2,0.141252139,1200,40,0.002320113,0.028526491,COMPLETE,DCMSEAL
180,57,0.370195001,02:41.0,02:58.7,17,shared,0.046467907,64,64,128,,3,0.274118918,1200,20,8.45E-05,0.000176784,COMPLETE,DCMSEAL
181,7,0.371310771,45:51.6,47:57.6,126,shared,0.013079308,128,128,256,256,4,0.564501334,1500,1,0.00080317,0.000143727,COMPLETE,DCMSEAL
182,68,0.371594846,06:14.0,06:29.4,15,class-specific,0.041014492,64,256,128,,3,0.181003729,900,20,0.000155179,0.000419046,COMPLETE,DCMSEAL
183,69,0.379500866,06:29.4,06:44.8,15,class-specific,0.00292747,256,128,128,,3,0.245002128,300,20,1.90E-05,0.000208323,COMPLETE,DCMSEAL
184,14,0.387316525,49:28.9,49:43.4,14,class-specific,0.048086774,64,256,,,2,0.164440559,300,10,0.009495086,0.005234835,COMPLETE,DCMSEAL
185,111,0.424164712,17:48.8,18:05.6,16,class-specific,0.000146969,64,64,,,2,0.11134304,900,40,0.001520922,0.031940195,COMPLETE,DCMSEAL
186,178,0.525720179,35:29.0,35:46.0,16,class-specific,0.000779079,64,64,,,2,0.424247207,1200,40,0.00022715,0.001785425,COMPLETE,DCMSEAL
187,4,0.531724751,42:30.4,43:20.3,49,shared,0.000201928,256,128,256,64,4,0.434841959,1500,20,0.000197607,0.010613713,COMPLETE,DCMSEAL
188,128,0.552235961,22:29.7,22:46.6,16,class-specific,0.000440956,256,128,,,2,0.202834961,1200,40,0.002313559,0.000461302,COMPLETE,DCMSEAL
189,5,0.633881152,43:20.3,45:36.8,136,shared,0.001730259,256,128,256,128,4,0.510325793,1200,1,0.003203494,0.000406669,COMPLETE,DCMSEAL
190,1,0.638466239,39:58.4,40:28.9,30,class-specific,0.000462823,128,128,,,2,0.348975549,1500,20,4.28E-05,0.018627239,COMPLETE,DCMSEAL
191,164,0.698641777,32:35.8,32:43.4,7,class-specific,0.042670226,64,64,,,2,0.39831634,900,1,0.001088937,0.021544852,COMPLETE,DCMSEAL
192,55,0.725955367,01:56.6,02:27.7,31,class-specific,0.000334566,64,64,128,128,4,0.127285608,1200,10,0.005114944,0.00056038,COMPLETE,DCMSEAL
193,20,0.755465448,51:14.9,51:31.3,16,class-specific,0.000100505,64,64,,,2,0.394081536,600,40,0.000122495,0.006906485,COMPLETE,DCMSEAL
194,35,0.801465213,54:48.8,54:59.2,10,class-specific,0.036520977,64,128,,,2,0.326093873,1200,1,0.009870548,0.000789056,COMPLETE,DCMSEAL
195,38,0.819868743,55:26.6,55:35.0,8,shared,0.013214215,128,64,,,2,0.274564909,1200,1,0.002766973,0.002498674,COMPLETE,DCMSEAL
196,6,0.843881071,45:36.8,45:51.5,14,shared,0.000451901,64,64,128,,3,0.338591794,600,20,5.97E-05,0.002310841,COMPLETE,DCMSEAL
197,50,0.848477125,00:53.0,01:08.2,15,class-specific,0.001035397,64,64,128,,3,0.100622978,900,20,2.52E-05,0.000135507,COMPLETE,DCMSEAL
198,0,0.855467439,39:41.5,39:58.3,16,class-specific,0.000907272,128,128,128,256,4,0.597552536,900,20,0.002417226,0.003673551,COMPLETE,DCMSEAL
199,3,1.069251895,42:21.5,42:30.4,8,shared,0.004260154,256,256,128,64,4,0.255726394,300,1,0.007147526,0.000808849,COMPLETE,DCMSEAL
0,134,0.277841091,13:02.8,13:16.5,13,class-specific,0.03748873,64,128,,,2,0.244920532,1200,40,0.00015743,0.017703685,COMPLETE,NNLCCM
1,198,0.280329555,37:36.5,37:53.9,17,class-specific,0.042924953,64,64,,,2,0.229886705,900,40,0.006865458,0.015452566,COMPLETE,NNLCCM
2,118,0.282812983,09:42.1,09:55.0,12,class-specific,0.044487859,64,128,,,2,0.324750972,600,40,0.000188649,0.001384258,COMPLETE,NNLCCM
3,123,0.284475654,10:46.1,11:01.7,15,class-specific,0.045983573,64,128,,,2,0.275569109,1200,40,0.000168553,0.006102894,COMPLETE,NNLCCM
4,139,0.285101652,14:05.5,14:19.3,13,class-specific,0.04119231,64,256,,,2,0.250361195,1200,40,0.000358797,0.00119978,COMPLETE,NNLCCM
5,135,0.285444438,13:16.5,13:32.6,16,class-specific,0.039896978,64,128,,,2,0.246422501,1200,40,0.000161599,0.002012994,COMPLETE,NNLCCM
6,197,0.285637498,37:23.0,37:36.5,13,class-specific,0.041009414,64,64,,,2,0.229858764,900,40,0.000138366,0.012947789,COMPLETE,NNLCCM
7,140,0.285715401,14:19.3,14:33.2,13,class-specific,0.031542628,64,256,,,2,0.213650445,1200,40,0.000434742,0.002122246,COMPLETE,NNLCCM
8,70,0.286647528,57:32.9,57:47.2,14,class-specific,0.025264487,64,128,,,2,0.343698086,1200,40,0.000164298,0.000881051,COMPLETE,NNLCCM
9,85,0.286939383,01:00.0,01:11.9,11,class-specific,0.030279315,64,128,,,2,0.346917911,600,40,0.000207171,0.001124778,COMPLETE,NNLCCM
10,155,0.288080603,28:48.3,28:59.5,11,class-specific,0.044248631,64,256,,,2,0.350848726,1200,40,0.000205659,0.000763223,COMPLETE,NNLCCM
11,147,0.288156182,16:07.6,16:21.4,13,class-specific,0.027606397,64,256,,,2,0.265428206,1200,40,0.000247834,0.002009323,COMPLETE,NNLCCM
12,166,0.288207412,30:51.0,31:08.0,17,class-specific,0.034727928,64,128,,,2,0.321907867,1200,40,0.000220282,0.000690729,COMPLETE,NNLCCM
13,165,0.288394988,30:37.1,30:51.0,13,class-specific,0.035413872,64,128,,,2,0.326151133,1200,40,0.0001561,0.001160845,COMPLETE,NNLCCM
14,48,0.28859207,46:35.8,49:14.5,158,class-specific,0.021240316,64,128,,,2,0.512975718,900,40,0.000201868,0.017987003,COMPLETE,NNLCCM
15,93,0.288943201,02:51.2,03:05.5,14,class-specific,0.027670896,64,128,,,2,0.338785775,900,40,0.00016459,0.0066134,COMPLETE,NNLCCM
16,196,0.289179921,37:10.3,37:23.0,12,class-specific,0.040164773,64,128,,,2,0.234046696,600,40,0.007095804,0.014568026,COMPLETE,NNLCCM
17,136,0.289653748,13:32.7,13:43.4,10,class-specific,0.039158933,64,128,,,2,0.247770764,1200,40,0.000222899,0.001990604,COMPLETE,NNLCCM
18,169,0.289789438,31:34.4,31:46.4,12,class-specific,0.036887112,64,128,,,2,0.356030841,1200,40,0.000248723,0.000996735,COMPLETE,NNLCCM
19,77,0.29015395,59:00.0,59:13.3,13,class-specific,0.024639462,64,128,,,2,0.366108725,1200,40,0.000217475,0.00050552,COMPLETE,NNLCCM
20,41,0.291095227,44:58.9,45:15.9,16,class-specific,0.023675781,64,128,,,2,0.392056153,900,40,0.000121354,0.004391225,COMPLETE,NNLCCM
21,110,0.29120037,07:53.5,08:09.0,15,class-specific,0.020483094,64,128,,,2,0.291701861,1200,40,0.000142169,0.005296937,COMPLETE,NNLCCM
22,188,0.291356862,35:28.8,35:42.6,13,class-specific,0.033077738,64,128,,,2,0.295588743,600,40,0.000485077,0.021387842,COMPLETE,NNLCCM
23,73,0.291803449,58:09.5,58:22.7,13,class-specific,0.041552594,64,128,,,2,0.347363996,1200,40,0.000159066,0.001189462,COMPLETE,NNLCCM
24,101,0.292514145,05:32.7,05:56.8,24,class-specific,0.038046813,64,128,,,2,0.290766199,1200,40,0.000125546,0.011404667,COMPLETE,NNLCCM
25,44,0.292816907,45:44.0,45:58.0,14,class-specific,0.034081493,64,128,,,2,0.437791984,900,40,0.00020568,0.001499668,COMPLETE,NNLCCM
26,97,0.29292354,04:06.3,04:21.1,14,class-specific,0.021213794,64,128,,,2,0.284188217,1200,40,0.000114241,0.003803535,COMPLETE,NNLCCM
27,102,0.292996496,05:56.8,06:11.0,14,class-specific,0.049482309,64,128,,,2,0.227310443,1200,40,0.000122571,0.018195545,COMPLETE,NNLCCM
28,53,0.294123143,51:38.3,51:50.7,12,class-specific,0.027971519,64,128,,,2,0.532764366,900,40,0.000130986,0.016004248,COMPLETE,NNLCCM
29,112,0.294345498,08:20.3,08:31.4,11,class-specific,0.036460015,64,128,,,2,0.283886359,1200,40,0.000140744,0.005047884,COMPLETE,NNLCCM
30,99,0.294544876,04:38.3,05:05.0,26,class-specific,0.01710498,64,128,,,2,0.246131614,1200,40,0.000111383,0.000548725,COMPLETE,NNLCCM
31,67,0.294686556,56:21.8,56:38.9,17,class-specific,0.014305842,64,128,,,2,0.397305684,900,40,0.000235494,0.002756826,COMPLETE,NNLCCM
32,121,0.29562974,10:23.5,10:38.1,14,class-specific,0.023473613,128,128,,,2,0.294126652,600,40,0.000241839,0.000641704,COMPLETE,NNLCCM
33,119,0.295902729,09:55.1,10:11.6,16,class-specific,0.028019935,64,128,,,2,0.352525242,600,40,0.000281734,0.002144627,COMPLETE,NNLCCM
34,54,0.296868503,51:50.7,53:16.4,85,class-specific,0.028001034,64,128,,,2,0.543048513,900,40,0.000135694,0.036257571,COMPLETE,NNLCCM
35,125,0.297037214,11:18.2,11:30.6,12,class-specific,0.036608694,64,128,,,2,0.320586807,600,40,0.000152931,0.009552107,COMPLETE,NNLCCM
36,195,0.297244072,36:58.7,37:10.3,11,class-specific,0.029794495,64,128,,,2,0.274783393,600,40,0.000359282,0.020428349,COMPLETE,NNLCCM
37,42,0.298246533,45:15.9,45:29.5,13,class-specific,0.035198677,64,128,,,2,0.3909279,900,40,6.03E-05,0.002807712,COMPLETE,NNLCCM
38,51,0.298809111,50:44.4,51:09.1,24,class-specific,0.035122442,64,128,,,2,0.463903051,900,40,8.92E-05,0.004164906,COMPLETE,NNLCCM
39,142,0.298826963,15:05.2,15:16.0,10,class-specific,0.043161343,64,256,,,2,0.213956053,1200,40,0.000572419,0.001095688,COMPLETE,NNLCCM
40,183,0.299801737,34:20.3,34:35.2,14,class-specific,0.018920665,64,128,,,2,0.25782678,1200,40,0.000150071,0.005266688,COMPLETE,NNLCCM
41,124,0.299826086,11:01.7,11:18.1,16,class-specific,0.030269665,64,128,,,2,0.281460795,300,40,0.00017696,0.005897456,COMPLETE,NNLCCM
42,91,0.299966902,02:20.4,02:33.9,13,shared,0.023661587,64,128,,,2,0.360521414,600,40,0.000391822,0.000731719,COMPLETE,NNLCCM
43,182,0.300327331,34:06.6,34:20.3,13,class-specific,0.030052996,64,128,,,2,0.290954186,1200,40,0.000172999,0.004575026,COMPLETE,NNLCCM
44,185,0.300765514,34:49.1,35:05.4,16,class-specific,0.021031277,64,128,,,2,0.281075767,1200,40,0.000189687,0.000685585,COMPLETE,NNLCCM
45,117,0.301555812,09:31.6,09:42.1,10,class-specific,0.018442292,64,128,,,2,0.365015043,1200,40,0.000221808,0.000894643,COMPLETE,NNLCCM
46,33,0.301733047,40:26.4,40:40.3,13,class-specific,0.009803895,64,128,,,2,0.267603391,1500,40,4.64E-05,0.001861518,COMPLETE,NNLCCM
47,164,0.301863641,30:24.0,30:37.1,13,class-specific,0.04468184,64,128,,,2,0.101648286,1200,40,0.000187947,0.002175326,COMPLETE,NNLCCM
48,181,0.301987231,33:56.3,34:06.6,10,class-specific,0.044959008,128,128,,,2,0.244610331,900,40,0.000136583,0.001317948,COMPLETE,NNLCCM
49,145,0.302080125,15:45.0,15:57.4,12,class-specific,0.030231306,64,256,,,2,0.220901098,1200,40,0.000510636,0.002933649,COMPLETE,NNLCCM
50,96,0.302173018,03:51.1,04:06.2,15,class-specific,0.031946659,64,64,,,2,0.381405594,900,40,0.000259872,0.00116313,COMPLETE,NNLCCM
51,184,0.303970277,34:35.2,34:49.1,13,class-specific,0.035524856,64,128,,,2,0.330244742,1200,40,0.000133275,0.001011715,COMPLETE,NNLCCM
52,94,0.304781705,03:05.5,03:20.2,14,class-specific,0.025956232,64,128,,,2,0.337351613,900,40,0.000165924,0.007175624,COMPLETE,NNLCCM
53,84,0.305201381,00:45.0,01:00.0,15,class-specific,0.018112389,64,128,,,2,0.54751725,1200,40,0.000471706,0.000228484,COMPLETE,NNLCCM
54,190,0.305377722,35:51.4,36:04.4,13,class-specific,0.03669518,64,128,,,2,0.597597121,1500,40,0.000156675,0.0014974,COMPLETE,NNLCCM
55,127,0.305451512,11:43.6,12:00.7,17,shared,0.026413417,64,128,,,2,0.271597667,1200,40,8.86E-05,0.003290556,COMPLETE,NNLCCM
56,128,0.305660427,12:00.7,12:10.0,9,class-specific,0.033804219,64,128,,,2,0.308175335,1500,40,0.000278959,0.007829763,COMPLETE,NNLCCM
57,74,0.306006223,58:22.8,58:32.4,9,class-specific,0.043049186,64,128,,,2,0.346133148,1200,40,0.000174574,0.001001455,COMPLETE,NNLCCM
58,64,0.306032389,55:33.4,55:47.3,13,class-specific,0.025554774,64,128,,,2,0.43627072,900,40,0.004718943,0.0154649,COMPLETE,NNLCCM
59,199,0.306332707,37:53.9,38:08.0,14,class-specific,0.043517717,64,64,,,2,0.208789492,900,40,0.00713686,0.013515548,COMPLETE,NNLCCM
60,143,0.306871355,15:16.0,15:33.2,17,class-specific,0.024897417,64,256,,,2,0.178978309,1200,40,0.000353808,0.001747122,COMPLETE,NNLCCM
61,103,0.308720559,06:11.1,06:21.1,10,class-specific,0.047365526,64,128,,,2,0.225230364,1200,40,7.38E-05,0.012483459,COMPLETE,NNLCCM
62,113,0.309154093,08:31.4,08:43.2,11,class-specific,0.030786759,64,128,,,2,0.25898933,1200,40,0.000120283,0.006844577,COMPLETE,NNLCCM
63,58,0.309727311,54:03.2,54:20.2,17,class-specific,0.012998571,64,128,,,2,0.422275991,900,40,0.000398192,0.014385,COMPLETE,NNLCCM
64,100,0.309976965,05:05.0,05:32.6,27,class-specific,0.022473777,64,128,,,2,0.254552515,1200,40,9.60E-05,0.003440137,COMPLETE,NNLCCM
65,62,0.310551077,55:13.7,55:23.6,9,class-specific,0.037165222,64,128,,,2,0.461538564,900,40,7.68E-05,0.067384984,COMPLETE,NNLCCM
66,89,0.310725868,01:52.1,02:09.2,17,class-specific,0.015896987,64,128,,,2,0.320790741,600,40,0.000111259,0.002410033,COMPLETE,NNLCCM
67,174,0.311004579,32:33.5,32:44.0,10,class-specific,0.029186574,64,128,,,2,0.365128789,1200,40,0.000243266,0.000607122,COMPLETE,NNLCCM
68,55,0.311178952,53:16.4,53:29.3,12,class-specific,0.0259305,64,256,,,2,0.537785319,900,40,0.000133161,0.030483149,COMPLETE,NNLCCM
69,151,0.31161043,27:49.8,28:00.6,10,class-specific,0.017480877,64,256,,,2,0.263082218,1200,40,0.000373717,0.001503932,COMPLETE,NNLCCM
70,78,0.311698943,59:13.3,59:25.4,12,class-specific,0.010287475,64,128,,,2,0.31630966,1200,40,0.000224995,0.000450791,COMPLETE,NNLCCM
71,149,0.312365592,16:44.8,27:30.5,645,shared,0.023644556,64,256,,,2,0.271937413,1200,40,0.000276003,0.002037364,COMPLETE,NNLCCM
72,59,0.313195825,54:20.2,54:44.9,24,class-specific,0.038524961,64,128,,,2,0.48131078,900,10,0.000124745,0.044435957,COMPLETE,NNLCCM
73,131,0.313514441,12:33.6,12:44.9,11,class-specific,0.029373014,64,64,,,2,0.367924273,1200,40,0.000175208,0.001290581,COMPLETE,NNLCCM
74,60,0.313519478,54:44.9,55:01.5,16,class-specific,0.028286394,64,256,,,2,0.557859204,1200,40,0.000152449,0.026440885,COMPLETE,NNLCCM
75,29,0.313915014,39:26.9,39:41.5,14,class-specific,0.005849441,64,128,,,2,0.296102204,300,40,0.000272559,0.005531783,COMPLETE,NNLCCM
76,157,0.314043462,29:09.8,29:20.2,10,class-specific,0.03243708,64,256,,,2,0.340689739,1500,40,0.000326473,0.000803956,COMPLETE,NNLCCM
77,76,0.314230323,58:47.4,59:00.0,12,class-specific,0.01973572,64,128,,,2,0.4036422,1200,40,0.000308831,0.001510756,COMPLETE,NNLCCM
78,27,0.314724088,38:58.3,39:12.7,14,shared,0.007974178,128,128,,,2,0.282889991,300,40,0.000259653,0.001362597,COMPLETE,NNLCCM
79,189,0.314802349,35:42.6,35:51.3,8,class-specific,0.027169416,64,256,,,2,0.380358156,1200,40,0.000623568,0.001948987,COMPLETE,NNLCCM
80,133,0.315276891,12:53.5,13:02.7,9,class-specific,0.049316027,64,128,,,2,0.298122262,1200,40,0.000104328,0.004145972,COMPLETE,NNLCCM
81,186,0.315291017,35:05.4,35:18.0,12,class-specific,0.025086956,64,128,,,2,0.265326977,1200,40,0.000234368,0.000477176,COMPLETE,NNLCCM
82,31,0.316861421,39:58.6,40:09.4,10,class-specific,0.012388553,64,128,,,2,0.269909116,1500,40,6.36E-05,0.002339229,COMPLETE,NNLCCM
83,108,0.317121267,07:13.3,07:27.6,14,shared,0.025951843,64,128,,,2,0.328389809,1200,20,0.000205789,0.025202814,COMPLETE,NNLCCM
84,32,0.318252236,40:09.5,40:26.4,16,class-specific,0.011433836,64,128,,,2,0.265471707,1500,40,5.79E-05,0.001970867,COMPLETE,NNLCCM
85,111,0.31924808,08:09.0,08:20.2,11,class-specific,0.020394533,256,128,,,2,0.299642867,1200,40,0.000156607,0.005118808,COMPLETE,NNLCCM
86,38,0.319778323,41:41.5,41:55.5,13,class-specific,0.03045918,64,128,,,2,0.59616742,900,40,1.24E-05,0.002338762,COMPLETE,NNLCCM
87,132,0.319813579,12:44.9,12:53.5,8,class-specific,0.0449463,64,128,,,2,0.256973424,1200,40,0.000121778,0.011138339,COMPLETE,NNLCCM
88,107,0.321466774,07:03.8,07:13.3,9,class-specific,0.04255404,128,128,,,2,0.306030907,1200,40,0.000152627,0.010398899,COMPLETE,NNLCCM
89,175,0.323315293,32:44.0,33:00.7,16,class-specific,0.003265483,64,128,,,2,0.356579416,900,40,0.000182683,0.00122113,COMPLETE,NNLCCM
90,25,0.324008197,38:30.8,38:42.8,12,shared,0.015720798,128,64,,,2,0.197382256,300,20,0.000332514,0.007370806,COMPLETE,NNLCCM
91,130,0.324171036,12:21.4,12:33.6,12,class-specific,0.015801638,64,128,256,64,4,0.330631641,900,20,0.00013912,0.006406455,COMPLETE,NNLCCM
92,192,0.325246185,36:20.0,36:29.2,9,class-specific,0.03193384,64,128,,,2,0.300822721,600,40,0.000215933,0.022548292,COMPLETE,NNLCCM
93,35,0.327041358,40:57.1,41:11.4,14,class-specific,0.008754103,64,128,,,2,0.383301877,1500,40,8.97E-05,0.001471722,COMPLETE,NNLCCM
94,90,0.327625304,02:09.2,02:20.4,11,class-specific,0.013689215,256,256,,,2,0.301712581,1200,40,0.000197466,0.000501012,COMPLETE,NNLCCM
95,28,0.328299761,39:12.8,39:26.9,14,class-specific,0.006067586,128,128,,,2,0.287021678,300,40,0.000305858,0.002089063,COMPLETE,NNLCCM
96,116,0.328624606,09:16.6,09:31.6,14,class-specific,0.038308392,64,128,,,2,0.314993992,1200,10,0.000103129,0.003921169,COMPLETE,NNLCCM
97,36,0.329102844,41:11.4,41:24.6,13,class-specific,0.003137882,64,128,,,2,0.313377336,1500,40,3.21E-05,0.011298994,COMPLETE,NNLCCM
98,34,0.329889506,40:40.3,40:57.1,16,class-specific,0.004434104,64,128,,,2,0.325576912,1500,40,2.21E-05,0.004425578,COMPLETE,NNLCCM
99,129,0.329946965,12:10.0,12:21.4,11,class-specific,0.021227518,64,128,,,2,0.3825062,600,40,0.000236653,0.002516546,COMPLETE,NNLCCM
100,71,0.33419776,57:47.2,58:00.6,13,class-specific,0.014464346,256,256,,,2,0.329909134,1200,10,0.000172206,0.000782338,COMPLETE,NNLCCM
101,72,0.339220941,58:00.6,58:09.5,8,class-specific,0.024230412,64,128,,,2,0.372899263,1200,40,0.000222207,0.000477607,COMPLETE,NNLCCM
102,17,0.339370817,36:50.1,37:02.6,12,shared,0.006978613,128,64,64,128,4,0.162051322,600,20,0.000594045,0.090040152,COMPLETE,NNLCCM
103,37,0.342975497,41:24.6,41:41.5,16,class-specific,0.004652342,64,128,,,2,0.269264874,1500,40,7.57E-05,0.000683473,COMPLETE,NNLCCM
104,9,0.343704075,35:05.4,35:16.2,10,shared,0.020408125,128,64,64,128,4,0.067551558,300,20,0.000156913,0.000955108,COMPLETE,NNLCCM
105,68,0.344491601,56:38.9,56:47.8,8,class-specific,0.014887274,64,128,,,2,0.393398064,900,40,0.000250382,0.002796583,COMPLETE,NNLCCM
106,45,0.344582409,45:58.0,46:07.6,9,class-specific,0.033891127,64,128,,,2,0.553434121,900,10,0.000123605,0.002904952,COMPLETE,NNLCCM
107,122,0.344897687,10:38.2,10:46.0,7,class-specific,0.043443321,64,128,,,2,0.16645179,600,40,0.0001359,0.004729953,COMPLETE,NNLCCM
108,177,0.34535405,33:09.6,33:20.2,10,class-specific,0.032108727,64,128,,,2,0.391377521,1200,10,0.000158875,0.001733829,COMPLETE,NNLCCM
109,18,0.346154541,37:02.6,37:11.1,8,shared,0.015062547,128,64,64,,3,0.058347294,300,20,0.000456318,0.007648024,COMPLETE,NNLCCM
110,57,0.347403198,53:46.4,54:03.1,16,class-specific,0.018639811,64,128,256,,3,0.513470573,900,1,0.000212999,0.031774962,COMPLETE,NNLCCM
111,23,0.349254757,38:14.0,38:19.5,5,shared,0.01573679,128,64,64,128,4,0.061006884,300,20,0.000358243,0.000443497,COMPLETE,NNLCCM
112,159,0.349756569,29:28.3,29:45.4,17,class-specific,0.00097046,64,256,,,2,0.205127789,1200,40,0.000263296,0.002933997,COMPLETE,NNLCCM
113,156,0.350499034,28:59.5,29:09.7,10,class-specific,0.049247611,64,256,,,2,0.233510072,1200,40,0.000205322,0.000688462,COMPLETE,NNLCCM
114,19,0.351201236,37:11.1,37:27.9,16,class-specific,0.00022854,256,64,,,2,0.290101184,600,40,5.80E-05,0.07629217,COMPLETE,NNLCCM
115,69,0.353169888,56:47.9,57:32.9,45,class-specific,0.017323739,64,128,,,2,0.434277515,900,1,0.000403063,0.001713254,COMPLETE,NNLCCM
116,173,0.355988085,32:22.5,32:33.5,11,class-specific,0.039534881,64,128,,,2,0.331969442,1200,40,0.000202578,0.001106833,COMPLETE,NNLCCM
117,30,0.356707007,39:41.5,39:58.5,17,class-specific,0.002682137,64,128,,,2,0.414435113,300,40,0.00025639,0.006252059,COMPLETE,NNLCCM
118,109,0.357973099,07:27.6,07:53.5,25,class-specific,0.031509475,64,64,,,2,0.338533199,1200,1,4.92E-05,0.008542138,COMPLETE,NNLCCM
119,3,0.360072583,32:41.8,32:55.5,13,shared,0.005071989,128,256,128,256,4,0.173704272,600,20,0.004048017,0.000119777,COMPLETE,NNLCCM
120,15,0.364088118,36:12.8,36:28.4,15,shared,0.001280695,256,128,64,256,4,0.47968024,300,20,0.000172579,0.003309067,COMPLETE,NNLCCM
121,2,0.365475267,32:17.2,32:41.7,24,class-specific,0.003775994,64,64,256,,3,0.337844906,1200,40,0.001036679,0.011620581,COMPLETE,NNLCCM
122,176,0.372106493,33:00.7,33:09.6,8,class-specific,0.043235433,64,128,,,2,0.321070827,600,40,0.000264012,0.00039637,COMPLETE,NNLCCM
123,12,0.372381121,35:32.5,35:44.8,12,shared,0.008590952,128,64,128,256,4,0.012119159,600,20,0.000101434,0.001012731,COMPLETE,NNLCCM
124,20,0.375138938,37:27.9,37:37.1,9,shared,0.001797425,64,64,64,128,4,0.145343234,300,20,0.000530331,0.092457897,COMPLETE,NNLCCM
125,83,0.38180548,00:27.9,00:45.0,17,class-specific,0.001721228,64,128,,,2,0.418488776,1200,40,0.000151477,0.00058187,COMPLETE,NNLCCM
126,26,0.382293403,38:42.9,38:58.3,15,shared,0.002469113,128,64,,,2,0.214052244,600,20,0.000141033,0.047423369,COMPLETE,NNLCCM
127,63,0.383764565,55:23.7,55:33.3,9,class-specific,0.049827687,64,128,,,2,0.477929601,900,40,0.000107189,0.004499827,COMPLETE,NNLCCM
128,162,0.385603696,30:12.1,30:18.1,5,class-specific,0.040144539,64,128,,,2,0.34095033,1200,40,0.000220392,0.001412067,COMPLETE,NNLCCM
129,7,0.387379915,34:10.3,34:41.3,30,shared,0.00014562,128,64,,,2,0.114525026,1200,10,0.001247935,0.000308432,COMPLETE,NNLCCM
130,65,0.391041726,55:47.3,56:04.6,17,class-specific,0.000469808,64,128,,,2,0.361252421,900,40,6.80E-05,0.008249296,COMPLETE,NNLCCM
131,13,0.391947031,35:44.8,35:57.1,12,shared,0.000923114,128,256,64,256,4,0.233724527,300,20,1.10E-05,0.003549535,COMPLETE,NNLCCM
132,88,0.398699343,01:42.4,01:52.1,9,class-specific,0.020510562,64,128,,,2,0.400478072,600,1,0.00028934,0.000373905,COMPLETE,NNLCCM
133,40,0.398807138,42:12.4,44:58.9,166,class-specific,0.003740679,64,128,,,2,0.350679392,1500,1,0.000819755,0.012232006,COMPLETE,NNLCCM
134,98,0.526093721,04:21.1,04:38.3,17,class-specific,0.00064883,64,128,,,2,0.276327502,1200,40,8.27E-05,0.0062561,COMPLETE,NNLCCM
135,152,0.587855756,28:00.7,28:13.9,13,class-specific,0.038702857,64,256,,,2,0.270297078,1200,40,0.00019055,0.000396492,COMPLETE,NNLCCM
136,61,0.587865531,55:01.5,55:13.7,12,class-specific,0.01932371,64,128,256,,3,0.515977999,900,40,0.000680664,0.036257292,COMPLETE,NNLCCM
137,56,0.587871313,53:29.3,53:46.4,17,class-specific,0.022246003,256,128,,,2,0.573741855,900,40,0.000188154,0.018088534,COMPLETE,NNLCCM
138,114,0.587873459,08:43.2,09:00.3,17,class-specific,0.025540819,64,128,,,2,0.34291449,1200,40,0.000172537,0.013603168,COMPLETE,NNLCCM
139,148,0.587909758,16:21.4,16:44.8,23,class-specific,0.02659049,64,256,,,2,0.257010461,300,40,0.000340709,0.002483603,COMPLETE,NNLCCM
140,86,0.587911069,01:11.9,01:29.0,17,class-specific,0.038709588,64,128,,,2,0.350348824,600,40,0.000250189,0.001082486,COMPLETE,NNLCCM
141,194,0.587969542,36:41.6,36:58.7,17,class-specific,0.022666239,64,128,,,2,0.321928545,600,40,0.000186701,0.0008952,COMPLETE,NNLCCM
142,24,0.587969899,38:19.5,38:30.7,11,shared,0.043643784,128,64,64,,3,0.1338688,300,20,0.001078046,0.052917268,COMPLETE,NNLCCM
143,160,0.587971389,29:45.4,29:59.6,14,class-specific,0.044342268,64,256,,,2,0.315265244,600,20,0.000186013,0.001031527,COMPLETE,NNLCCM
144,49,0.587974429,49:14.5,50:13.9,59,class-specific,0.021439401,256,256,,,2,0.535491499,900,10,0.000194505,0.020253223,COMPLETE,NNLCCM
145,172,0.587998509,32:08.9,32:22.4,13,class-specific,0.032669884,64,128,,,2,0.312243202,1200,40,0.000167888,0.000928506,COMPLETE,NNLCCM
146,179,0.588005781,33:34.4,33:47.4,13,class-specific,0.026092203,64,128,,,2,0.304412968,1200,40,0.000205537,0.000808921,COMPLETE,NNLCCM
147,43,0.588006496,45:29.5,45:44.0,14,class-specific,0.028676256,64,128,,,2,0.388714938,900,40,0.000107442,0.004413074,COMPLETE,NNLCCM
148,81,0.588012576,59:56.6,00:12.6,15,class-specific,0.041634981,64,128,,,2,0.308252168,600,40,0.001713252,0.000792576,COMPLETE,NNLCCM
149,153,0.588020682,28:13.9,28:31.1,17,class-specific,0.033640731,64,256,,,2,0.189160851,1200,40,0.000167159,0.001185735,COMPLETE,NNLCCM
150,115,0.588042498,09:00.3,09:16.6,16,class-specific,0.02100051,64,256,,,2,0.235423629,1200,40,0.000327979,0.001794727,COMPLETE,NNLCCM
151,104,0.588057399,06:21.1,06:34.0,12,class-specific,0.03888369,64,128,,,2,0.195562796,1200,40,0.000119558,0.02193669,COMPLETE,NNLCCM
152,154,0.588060856,28:31.1,28:48.3,17,class-specific,0.027946741,64,256,,,2,0.244976268,1200,40,0.000249482,0.00188663,COMPLETE,NNLCCM
153,46,0.588061988,46:07.7,46:24.4,16,class-specific,0.045675983,64,128,,,2,0.453386243,900,40,4.68E-05,0.000946681,COMPLETE,NNLCCM
154,138,0.588062286,13:48.6,14:05.5,16,class-specific,0.036420902,256,128,,,2,0.234154551,1200,40,0.000215516,0.001609361,COMPLETE,NNLCCM
155,178,0.588062406,33:20.2,33:34.3,14,shared,0.037855082,64,128,,,2,0.224987694,1200,40,0.000318908,0.016370217,COMPLETE,NNLCCM
156,161,0.588066876,29:59.7,30:12.1,12,class-specific,0.024210953,64,256,,,2,0.276612312,1200,40,0.000137772,0.000881427,COMPLETE,NNLCCM
157,167,0.588069856,31:08.1,31:25.2,17,class-specific,0.034502651,64,64,,,2,0.02108491,900,40,0.000296471,0.000755108,COMPLETE,NNLCCM
158,87,0.58807373,01:29.1,01:42.4,13,class-specific,0.031955335,64,128,,,2,0.378158251,600,40,0.000191587,0.00084737,COMPLETE,NNLCCM
159,79,0.588075876,59:25.5,59:39.5,14,class-specific,0.023322561,64,128,128,,3,0.361668946,1200,40,0.000299787,0.00030957,COMPLETE,NNLCCM
160,193,0.588075876,36:29.2,36:41.6,12,class-specific,0.033850711,64,128,,,2,0.291591107,600,40,0.000466523,0.026987874,COMPLETE,NNLCCM
161,163,0.588080764,30:18.1,30:23.9,5,class-specific,0.029550017,64,128,,,2,0.373969177,1200,40,0.000157866,0.001607686,COMPLETE,NNLCCM
162,180,0.58808279,33:47.5,33:56.3,8,class-specific,0.022743271,64,256,,,2,0.341399979,300,40,0.000390346,0.002511992,COMPLETE,NNLCCM
163,52,0.588093877,51:09.1,51:38.3,29,class-specific,0.034765586,64,128,,,2,0.453926556,900,40,8.57E-05,0.003286444,COMPLETE,NNLCCM
164,105,0.588094652,06:34.0,06:49.6,15,class-specific,0.049866785,64,128,,,2,0.290028643,1200,40,0.00017337,0.018478188,COMPLETE,NNLCCM
165,82,0.588099241,00:12.6,00:27.8,15,class-specific,0.028311824,64,128,,,2,0.33654782,1200,40,0.000122976,0.000310873,COMPLETE,NNLCCM
166,75,0.588101923,58:32.4,58:47.3,14,class-specific,0.028767875,64,128,,,2,0.572936445,1200,40,0.000151054,0.001284686,COMPLETE,NNLCCM
167,191,0.588112235,36:04.5,36:20.0,15,class-specific,0.049814783,64,128,,,2,0.309313546,1200,40,0.003210595,0.007067621,COMPLETE,NNLCCM
168,106,0.588133097,06:49.6,07:03.8,14,class-specific,0.03512515,64,128,,,2,0.200272371,1200,40,9.53E-05,0.003790237,COMPLETE,NNLCCM
169,50,0.588133514,50:13.9,50:44.4,30,class-specific,0.04885501,64,128,256,,3,0.498163227,900,40,1.67E-05,0.000634858,COMPLETE,NNLCCM
170,158,0.588136852,29:20.2,29:28.3,8,class-specific,0.037127601,64,256,,,2,0.358239144,1200,40,0.000432554,0.000536136,COMPLETE,NNLCCM
171,126,0.588140786,11:30.7,11:43.6,12,class-specific,0.042462936,64,128,,,2,0.352710586,1200,40,0.00019811,0.00102774,COMPLETE,NNLCCM
172,120,0.588150978,10:11.6,10:23.5,11,class-specific,0.033591235,64,128,,,2,0.327880498,600,40,0.000192807,0.001415239,COMPLETE,NNLCCM
173,95,0.588155329,03:20.2,03:51.0,30,class-specific,0.042229668,64,128,,,2,0.423845052,900,10,0.000213654,0.005473993,COMPLETE,NNLCCM
174,187,0.588158965,35:18.0,35:28.8,10,class-specific,0.040606685,64,128,128,,3,0.349660347,1200,40,0.000284258,0.003297066,COMPLETE,NNLCCM
175,144,0.588166714,15:33.2,15:45.0,11,class-specific,0.03397908,64,256,,,2,0.250816963,1200,40,0.000303607,0.001386025,COMPLETE,NNLCCM
176,146,0.588199735,15:57.4,16:07.6,10,class-specific,0.041528272,64,256,,,2,0.216032467,1200,40,0.00074184,0.001265277,COMPLETE,NNLCCM
177,66,0.588243842,56:04.6,56:21.8,17,class-specific,0.032670916,256,128,,,2,0.521316845,900,40,0.000100998,0.010014034,COMPLETE,NNLCCM
178,170,0.588247657,31:46.4,31:57.0,10,class-specific,0.049986432,64,128,,,2,0.350494639,1200,40,0.000259364,0.000986776,COMPLETE,NNLCCM
179,171,0.588250041,31:57.0,32:08.9,11,class-specific,0.036529088,64,128,,,2,0.151237425,1200,40,0.000216916,0.000740345,COMPLETE,NNLCCM
180,5,0.588292539,33:02.3,34:05.9,63,shared,0.024800344,256,256,256,64,4,0.351371519,600,1,0.000530634,0.024030891,COMPLETE,NNLCCM
181,16,0.588551104,36:28.4,36:50.1,21,class-specific,0.010934403,128,256,128,,3,0.093784574,1500,20,4.04E-05,0.000100832,COMPLETE,NNLCCM
182,8,0.588630259,34:41.3,35:05.3,24,shared,0.040700063,64,256,,,2,0.160258032,900,10,0.001790718,0.000147233,COMPLETE,NNLCCM
183,141,0.588674307,14:33.2,15:05.2,31,class-specific,0.031102484,64,256,256,,3,0.201447834,1200,10,0.000432998,0.002179139,COMPLETE,NNLCCM
184,22,0.591219246,37:58.6,38:14.0,15,shared,0.016945069,128,64,64,,3,0.049749505,300,20,0.000514321,0.005752915,COMPLETE,NNLCCM
185,14,0.593324125,35:57.2,36:12.8,15,shared,0.010824705,128,64,128,128,4,0.240182558,600,20,0.009688207,0.000630595,COMPLETE,NNLCCM
186,0,0.594823539,31:53.2,32:11.2,17,shared,0.004177833,128,256,64,,3,0.086029453,1500,40,0.000234646,0.000163589,COMPLETE,NNLCCM
187,80,0.598265648,59:39.5,59:56.6,17,class-specific,0.012411135,64,128,,,2,0.371099277,1200,40,0.000356676,0.001186406,COMPLETE,NNLCCM
188,39,0.601234138,41:55.5,42:12.4,16,class-specific,0.00586614,64,128,,,2,0.498059451,1200,40,3.77E-05,0.000241946,COMPLETE,NNLCCM
189,21,0.609338701,37:37.1,37:58.6,21,shared,0.00705971,128,64,64,,3,0.438347913,1500,20,0.000184459,0.00198064,COMPLETE,NNLCCM
190,150,0.613026261,27:30.5,27:49.8,19,class-specific,0.00035713,128,256,,,2,0.241107491,600,40,0.000236932,0.000904063,COMPLETE,NNLCCM
191,47,0.61722368,46:24.4,46:35.8,11,class-specific,0.022346825,64,128,,,2,0.407079958,900,1,2.69E-05,0.009101359,COMPLETE,NNLCCM
192,92,0.640168607,02:33.9,02:51.2,17,class-specific,0.000101777,64,128,,,2,0.500466592,900,40,0.000139427,0.001589036,COMPLETE,NNLCCM
193,168,0.660027981,31:25.2,31:34.3,9,class-specific,0.027611287,256,128,,,2,0.325655651,1200,1,0.000224026,0.000626906,COMPLETE,NNLCCM
194,200,0.67272985,38:08.0,38:18.6,10,class-specific,0.040192188,256,64,,,2,0.231069596,900,20,0.007472443,0.016350454,COMPLETE,NNLCCM
195,4,0.732393384,32:55.5,33:02.3,6,shared,0.003612206,128,128,256,64,4,0.369562816,900,10,0.003139891,0.024373422,COMPLETE,NNLCCM
196,137,1.325958252,13:43.5,13:48.6,5,class-specific,0.039462977,64,128,,,2,0.243659114,1200,1,0.000157087,0.001883771,COMPLETE,NNLCCM
197,6,2.115858078,34:05.9,34:10.3,4,class-specific,0.023325034,256,64,128,,3,0.218761396,1200,1,0.008663949,0.022282938,COMPLETE,NNLCCM
198,10,2.853211641,35:16.3,35:32.4,16,class-specific,0.000528881,64,128,64,128,4,0.002695083,300,20,2.10E-05,0.001252156,COMPLETE,NNLCCM
199,1,5.034302711,32:11.2,32:17.2,5,shared,0.030346335,128,256,128,,3,0.583160194,900,1,9.24E-05,0.015249074,COMPLETE,NNLCCM
